# synthetic polar reproducing pod_v0: L/D max 8.0 at CL 0.6400, 61.0 m/s EAS, 300 kg
# CD = CD0 + k CL^2, CD0 0.04, k 0.09765625
# sref_m2: 2.016955
mach,alpha_deg,cl,cd
0.15,-4,-0.160000,0.042500
0.15,-3,-0.080000,0.040625
0.15,-2,0.000000,0.040000
0.15,-1,0.080000,0.040625
0.15,0,0.160000,0.042500
0.15,1,0.240000,0.045625
0.15,2,0.320000,0.050000
0.15,3,0.400000,0.055625
0.15,4,0.480000,0.062500
0.15,5,0.560000,0.070625
0.15,6,0.640000,0.080000
0.15,7,0.720000,0.090625
0.15,8,0.800000,0.102500
0.15,9,0.880000,0.115625
0.15,10,0.960000,0.130000
0.15,11,1.040000,0.145625
0.15,12,1.120000,0.162500
0.15,13,1.200000,0.180625
0.15,14,1.280000,0.200000
0.15,15,1.130000,0.270625
0.15,16,0.980000,0.342500
0.25,-4,-0.160000,0.044500
0.25,-3,-0.080000,0.042625
0.25,-2,0.000000,0.042000
0.25,-1,0.080000,0.042625
0.25,0,0.160000,0.044500
0.25,1,0.240000,0.047625
0.25,2,0.320000,0.052000
0.25,3,0.400000,0.057625
0.25,4,0.480000,0.064500
0.25,5,0.560000,0.072625
0.25,6,0.640000,0.082000
0.25,7,0.720000,0.092625
0.25,8,0.800000,0.104500
0.25,9,0.880000,0.117625
0.25,10,0.960000,0.132000
0.25,11,1.040000,0.147625
0.25,12,1.120000,0.164500
0.25,13,1.200000,0.182625
0.25,14,1.280000,0.202000
0.25,15,1.130000,0.272625
0.25,16,0.980000,0.344500
