t,lat,lon,alt_m,speed_mps,heading_deg,fuel_kg,engine_out,hydraulics_lost,controls_unresponsive,fire,structural_failure
0.0,26.2515,73.0489,220.0,0.0,290.0,4000.0,0,0,0,0,0
5.0,26.251824,73.047912,317.5,21.0,290.0,3992.0,0,0,0,0,0
10.0,26.252472,73.045937,415.0,42.0,290.0,3984.0,0,0,0,0,0
15.0,26.253445,73.042974,512.5,63.0,290.0,3976.0,0,0,0,0,0
20.0,26.254741,73.039024,610.0,84.0,290.0,3968.0,0,0,0,0,0
25.0,26.256362,73.034085,707.5,105.0,290.0,3960.0,0,0,0,0,0
30.0,26.258307,73.028159,805.0,126.0,290.0,3952.0,0,0,0,0,0
35.0,26.260575,73.021245,902.5,147.0,290.0,3944.0,0,0,0,0,0
40.0,26.263168,73.013343,1000.0,168.0,290.0,3936.0,0,0,0,0,0
45.0,26.266085,73.004454,1097.5,189.0,290.0,3928.0,0,0,0,0,0
50.0,26.269326,72.994576,1195.0,210.0,290.0,3920.0,0,0,0,0,0
55.0,26.272892,72.98371,1292.5,231.0,290.0,3912.0,0,0,0,0,0
60.0,26.27675,72.97195,1390.0,250.0,290.0,3904.0,0,0,0,0,0
65.0,26.280608,72.960189,1487.5,250.0,290.0,3896.0,0,0,0,0,0
70.0,26.284466,72.948428,1585.0,250.0,290.0,3888.0,0,0,0,0,0
75.0,26.288325,72.936667,1682.5,250.0,290.0,3880.0,0,0,0,0,0
80.0,26.292183,72.924906,1780.0,250.0,290.0,3872.0,0,0,0,0,0
85.0,26.296041,72.913144,1877.5,250.0,290.0,3864.0,0,0,0,0,0
90.0,26.2999,72.901381,1975.0,250.0,290.0,3856.0,0,0,0,0,0
95.0,26.303758,72.889619,2072.5,250.0,290.0,3848.0,0,0,0,0,0
100.0,26.307616,72.877855,2170.0,250.0,290.0,3840.0,0,0,0,0,0
105.0,26.311475,72.866092,2267.5,250.0,290.0,3832.0,0,0,0,0,0
110.0,26.315333,72.854328,2365.0,250.0,290.0,3824.0,0,0,0,0,0
115.0,26.319191,72.842564,2462.5,250.0,290.0,3816.0,0,0,0,0,0
120.0,26.32305,72.830799,2560.0,250.0,290.0,3808.0,0,0,0,0,0
125.0,26.326908,72.819034,2657.5,250.0,290.0,3800.0,0,0,0,0,0
130.0,26.330766,72.807268,2755.0,250.0,290.0,3792.0,0,0,0,0,0
135.0,26.334624,72.795502,2852.5,250.0,290.0,3784.0,0,0,0,0,0
140.0,26.338483,72.783736,2950.0,250.0,290.0,3776.0,0,0,0,0,0
145.0,26.342341,72.77197,3047.5,250.0,290.0,3768.0,0,0,0,0,0
150.0,26.346199,72.760202,3145.0,250.0,290.0,3760.0,0,0,0,0,0
155.0,26.350058,72.748435,3242.5,250.0,290.0,3752.0,0,0,0,0,0
160.0,26.353916,72.736667,3340.0,250.0,290.0,3744.0,0,0,0,0,0
165.0,26.357774,72.724899,3437.5,250.0,290.0,3736.0,0,0,0,0,0
170.0,26.361632,72.71313,3535.0,250.0,290.0,3728.0,0,0,0,0,0
175.0,26.365491,72.701361,3632.5,250.0,290.0,3720.0,0,0,0,0,0
180.0,26.369349,72.689592,3730.0,250.0,290.0,3712.0,0,0,0,0,0
185.0,26.373207,72.677822,3827.5,250.0,290.0,3704.0,0,0,0,0,0
190.0,26.377065,72.666052,3925.0,250.0,290.0,3696.0,0,0,0,0,0
195.0,26.380924,72.654281,4022.5,250.0,290.0,3688.0,0,0,0,0,0
200.0,26.384782,72.64251,4120.0,250.0,290.0,3680.0,0,0,0,0,0
205.0,26.38864,72.630739,4217.5,250.0,290.0,3672.0,0,0,0,0,0
210.0,26.392498,72.618967,4315.0,250.0,290.0,3664.0,0,0,0,0,0
215.0,26.396357,72.607195,4412.5,250.0,290.0,3656.0,0,0,0,0,0
220.0,26.400215,72.595423,4510.0,250.0,290.0,3648.0,0,0,0,0,0
225.0,26.404073,72.58365,4607.5,250.0,290.0,3640.0,0,0,0,0,0
230.0,26.407931,72.571876,4705.0,250.0,290.0,3632.0,0,0,0,0,0
235.0,26.41179,72.560103,4802.5,250.0,290.0,3624.0,0,0,0,0,0
240.0,26.415648,72.548329,4900.0,250.0,290.0,3616.0,0,0,0,0,0
245.0,26.419506,72.536554,4997.5,250.0,290.0,3608.0,0,0,0,0,0
250.0,26.423364,72.524779,5095.0,250.0,290.0,3600.0,0,0,0,0,0
255.0,26.427223,72.513004,5192.5,250.0,290.0,3592.0,0,0,0,0,0
260.0,26.431081,72.501228,5290.0,250.0,290.0,3584.0,0,0,0,0,0
265.0,26.434939,72.489452,5387.5,250.0,290.0,3576.0,0,0,0,0,0
270.0,26.438797,72.477676,5485.0,250.0,290.0,3568.0,0,0,0,0,0
275.0,26.442656,72.465899,5582.5,250.0,290.0,3560.0,0,0,0,0,0
280.0,26.446514,72.454122,5680.0,250.0,290.0,3552.0,0,0,0,0,0
285.0,26.450372,72.442344,5777.5,250.0,290.0,3544.0,0,0,0,0,0
290.0,26.45423,72.430566,5875.0,250.0,290.0,3536.0,0,0,0,0,0
295.0,26.458088,72.418788,5972.5,250.0,290.0,3528.0,0,0,0,0,0
300.0,26.461947,72.407009,6000.0,250.0,290.0,3520.0,0,0,0,0,0
305.0,26.465805,72.39523,6000.0,250.0,290.0,3514.5,0,0,0,0,0
310.0,26.469663,72.38345,6000.0,250.0,290.0,3509.0,0,0,0,0,0
315.0,26.473521,72.37167,6000.0,250.0,290.0,3503.5,0,0,0,0,0
320.0,26.477379,72.35989,6000.0,250.0,290.0,3498.0,0,0,0,0,0
325.0,26.481238,72.348109,6000.0,250.0,290.0,3492.5,0,0,0,0,0
330.0,26.485096,72.336328,6000.0,250.0,290.0,3487.0,0,0,0,0,0
335.0,26.488954,72.324546,6000.0,250.0,290.0,3481.5,0,0,0,0,0
340.0,26.492812,72.312765,6000.0,250.0,290.0,3476.0,0,0,0,0,0
345.0,26.49667,72.300982,6000.0,250.0,290.0,3470.5,0,0,0,0,0
350.0,26.500529,72.289199,6000.0,250.0,290.0,3465.0,0,0,0,0,0
355.0,26.504387,72.277416,6000.0,250.0,290.0,3459.5,0,0,0,0,0
360.0,26.508245,72.265633,6000.0,250.0,290.0,3454.0,0,0,0,0,0
365.0,26.512103,72.253849,6000.0,250.0,290.0,3448.5,0,0,0,0,0
370.0,26.515961,72.242065,6000.0,250.0,290.0,3443.0,0,0,0,0,0
375.0,26.51982,72.23028,6000.0,250.0,290.0,3437.5,0,0,0,0,0
380.0,26.523678,72.218495,6000.0,250.0,290.0,3432.0,0,0,0,0,0
385.0,26.527536,72.206709,6000.0,250.0,290.0,3426.5,0,0,0,0,0
390.0,26.531394,72.194923,6000.0,250.0,290.0,3421.0,0,0,0,0,0
395.0,26.535252,72.183137,6000.0,250.0,290.0,3415.5,0,0,0,0,0
400.0,26.539111,72.171351,6000.0,250.0,290.0,3410.0,0,0,0,0,0
405.0,26.542969,72.159563,6000.0,250.0,290.0,3404.5,0,0,0,0,0
410.0,26.546827,72.147776,6000.0,250.0,290.0,3399.0,0,0,0,0,0
415.0,26.550685,72.135988,6000.0,250.0,290.0,3393.5,0,0,0,0,0
420.0,26.554543,72.1242,6000.0,250.0,290.0,3388.0,0,0,0,0,0
425.0,26.558401,72.112411,6000.0,250.0,290.0,3382.5,0,0,0,0,0
430.0,26.56226,72.100622,6000.0,250.0,290.0,3377.0,0,0,0,0,0
435.0,26.566118,72.088833,6000.0,250.0,290.0,3371.5,0,0,0,0,0
440.0,26.569976,72.077043,6000.0,250.0,290.0,3366.0,0,0,0,0,0
445.0,26.573834,72.065253,6000.0,250.0,290.0,3360.5,0,0,0,0,0
450.0,26.577692,72.053462,6000.0,250.0,290.0,3355.0,0,0,0,0,0
455.0,26.58155,72.041671,6000.0,250.0,290.0,3349.5,0,0,0,0,0
460.0,26.585408,72.02988,6000.0,250.0,290.0,3344.0,0,0,0,0,0
465.0,26.589267,72.018088,6000.0,250.0,290.0,3338.5,0,0,0,0,0
470.0,26.593125,72.006296,6000.0,250.0,290.0,3333.0,0,0,0,0,0
475.0,26.596983,71.994503,6000.0,250.0,290.0,3327.5,0,0,0,0,0
480.0,26.600841,71.98271,6000.0,250.0,290.0,3322.0,0,0,0,0,0
485.0,26.604699,71.970917,6000.0,250.0,290.0,3316.5,0,0,0,0,0
490.0,26.608557,71.959123,6000.0,250.0,290.0,3311.0,0,0,0,0,0
495.0,26.612415,71.947329,6000.0,250.0,290.0,3305.5,0,0,0,0,0
500.0,26.616274,71.935534,6000.0,250.0,290.0,3300.0,0,0,0,0,0
505.0,26.620132,71.923739,6000.0,250.0,290.0,3294.5,0,0,0,0,0
510.0,26.62399,71.911944,6000.0,250.0,290.0,3289.0,0,0,0,0,0
515.0,26.627848,71.900148,6000.0,250.0,290.0,3283.5,0,0,0,0,0
520.0,26.631706,71.888352,6000.0,250.0,290.0,3278.0,0,0,0,0,0
525.0,26.635564,71.876556,6000.0,250.0,290.0,3272.5,0,0,0,0,0
530.0,26.639422,71.864759,6000.0,250.0,290.0,3267.0,0,0,0,0,0
535.0,26.64328,71.852961,6000.0,250.0,290.0,3261.5,0,0,0,0,0
540.0,26.647138,71.841164,6000.0,250.0,290.0,3256.0,0,0,0,0,0
545.0,26.650997,71.829365,6000.0,250.0,290.0,3250.5,0,0,0,0,0
550.0,26.654855,71.817567,6000.0,250.0,290.0,3245.0,0,0,0,0,0
555.0,26.658713,71.805768,6000.0,250.0,290.0,3239.5,0,0,0,0,0
560.0,26.662571,71.793969,6000.0,250.0,290.0,3234.0,0,0,0,0,0
565.0,26.666429,71.782169,6000.0,250.0,290.0,3228.5,0,0,0,0,0
570.0,26.670287,71.770369,6000.0,250.0,290.0,3223.0,0,0,0,0,0
575.0,26.674145,71.758568,6000.0,250.0,290.0,3217.5,0,0,0,0,0
580.0,26.678003,71.746767,6000.0,250.0,290.0,3212.0,0,0,0,0,0
585.0,26.681861,71.734966,6000.0,250.0,290.0,3206.5,0,0,0,0,0
590.0,26.685719,71.723164,6000.0,250.0,290.0,3201.0,0,0,0,0,0
595.0,26.689578,71.711362,6000.0,250.0,290.0,3195.5,0,0,0,0,0
600.0,26.693436,71.69956,6000.0,250.0,290.0,3190.0,0,0,0,0,0
605.0,26.697294,71.687757,6000.0,250.0,290.0,3184.5,0,0,0,0,0
610.0,26.701152,71.675954,6000.0,250.0,290.0,3179.0,0,0,0,0,0
615.0,26.70501,71.66415,6000.0,250.0,290.0,3173.5,0,0,0,0,0
620.0,26.708868,71.652346,6000.0,250.0,290.0,3168.0,0,0,0,0,0
625.0,26.712726,71.640541,6000.0,250.0,290.0,3162.5,0,0,0,0,0
630.0,26.716584,71.628736,6000.0,250.0,290.0,3157.0,0,0,0,0,0
635.0,26.720442,71.616931,6000.0,250.0,290.0,3151.5,0,0,0,0,0
640.0,26.7243,71.605125,6000.0,250.0,290.0,3146.0,0,0,0,0,0
645.0,26.728158,71.593319,6000.0,250.0,290.0,3140.5,0,0,0,0,0
650.0,26.732016,71.581513,6000.0,250.0,290.0,3135.0,0,0,0,0,0
655.0,26.735874,71.569706,6000.0,250.0,290.0,3129.5,0,0,0,0,0
660.0,26.739733,71.557899,6000.0,250.0,290.0,3124.0,0,0,0,0,0
665.0,26.743591,71.546091,6000.0,250.0,290.0,3118.5,0,0,0,0,0
670.0,26.747449,71.534283,6000.0,250.0,290.0,3113.0,0,0,0,0,0
675.0,26.751307,71.522474,6000.0,250.0,290.0,3107.5,0,0,0,0,0
680.0,26.755165,71.510666,6000.0,250.0,290.0,3102.0,0,0,0,0,0
685.0,26.759023,71.498856,6000.0,250.0,290.0,3096.5,0,0,0,0,0
690.0,26.762881,71.487047,6000.0,250.0,290.0,3091.0,0,0,0,0,0
695.0,26.766739,71.475237,6000.0,250.0,290.0,3085.5,0,0,0,0,0
700.0,26.770597,71.463426,6000.0,250.0,290.0,3080.0,0,0,0,0,0
705.0,26.774455,71.451615,6000.0,250.0,290.0,3074.5,0,0,0,0,0
710.0,26.778313,71.439804,6000.0,250.0,290.0,3069.0,0,0,0,0,0
715.0,26.782171,71.427992,6000.0,250.0,290.0,3063.5,0,0,0,0,0
720.0,26.786029,71.41618,6000.0,250.0,290.0,3058.0,0,0,0,0,0
725.0,26.789887,71.404368,6000.0,250.0,290.0,3052.5,0,0,0,0,0
730.0,26.793745,71.392555,6000.0,250.0,290.0,3047.0,0,0,0,0,0
735.0,26.797603,71.380742,6000.0,250.0,290.0,3041.5,0,0,0,0,0
740.0,26.801461,71.368928,6000.0,250.0,290.0,3036.0,0,0,0,0,0
745.0,26.805319,71.357114,6000.0,250.0,290.0,3030.5,0,0,0,0,0
750.0,26.809177,71.3453,6000.0,250.0,290.0,3025.0,0,0,0,0,0
755.0,26.813035,71.333485,6000.0,250.0,290.0,3019.5,0,0,0,0,0
760.0,26.816893,71.321669,6000.0,250.0,290.0,3014.0,0,0,0,0,0
765.0,26.820751,71.309854,6000.0,250.0,290.0,3008.5,0,0,0,0,0
770.0,26.824609,71.298038,6000.0,250.0,290.0,3003.0,0,0,0,0,0
775.0,26.828467,71.286221,6000.0,250.0,290.0,2997.5,0,0,0,0,0
780.0,26.832325,71.274404,6000.0,250.0,290.0,2992.0,0,0,0,0,0
785.0,26.833308,71.261877,6000.0,250.0,275.0,2986.5,0,0,0,0,0
790.0,26.831348,71.249493,6000.0,250.0,260.0,2981.0,0,0,0,0,0
795.0,26.82658,71.238096,6000.0,250.0,245.0,2975.5,0,0,0,0,0
800.0,26.819328,71.228464,6000.0,250.0,230.0,2970.0,0,0,0,0,0
805.0,26.810087,71.221253,6000.0,250.0,215.0,2964.5,0,0,0,0,0
810.0,26.799486,71.216953,6000.0,250.0,200.0,2959.0,0,0,0,0,0
815.0,26.788247,71.215857,6000.0,250.0,185.0,2953.5,0,0,0,0,0
820.0,26.777137,71.21804,6000.0,250.0,170.0,2948.0,0,0,0,0,0
825.0,26.766912,71.223352,6000.0,250.0,155.0,2942.5,0,0,0,0,0
830.0,26.75827,71.23143,6000.0,250.0,140.0,2937.0,0,0,0,0,0
835.0,26.751798,71.241723,6000.0,250.0,125.0,2931.5,0,0,0,0,0
840.0,26.747939,71.253531,6000.0,250.0,110.0,2926.0,0,0,0,0,0
845.0,26.74408,71.265339,6000.0,250.0,110.0,2920.5,0,0,0,0,0
850.0,26.740221,71.277146,6000.0,250.0,110.0,2915.0,0,0,0,0,0
855.0,26.736362,71.288953,6000.0,250.0,110.0,2909.5,0,0,0,0,0
860.0,26.732503,71.30076,6000.0,250.0,110.0,2904.0,0,0,0,0,0
865.0,26.728644,71.312566,6000.0,250.0,110.0,2898.5,0,0,0,0,0
870.0,26.724785,71.324372,6000.0,250.0,110.0,2893.0,0,0,0,0,0
875.0,26.720926,71.336177,6000.0,250.0,110.0,2887.5,0,0,0,0,0
880.0,26.717067,71.347982,6000.0,250.0,110.0,2882.0,0,0,0,0,0
885.0,26.713208,71.359787,6000.0,250.0,110.0,2876.5,0,0,0,0,0
890.0,26.709349,71.371591,6000.0,250.0,110.0,2871.0,0,0,0,0,0
895.0,26.70549,71.383394,6000.0,250.0,110.0,2865.5,0,0,0,0,0
900.0,26.701631,71.395198,6000.0,250.0,110.0,2860.0,0,0,0,0,0
905.0,26.697772,71.407001,6000.0,250.0,110.0,2854.5,0,0,0,0,0
910.0,26.693913,71.418803,6000.0,250.0,110.0,2849.0,0,0,0,0,0
915.0,26.690053,71.430605,6000.0,250.0,110.0,2843.5,0,0,0,0,0
920.0,26.686194,71.442407,6000.0,250.0,110.0,2838.0,0,0,0,0,0
925.0,26.682335,71.454209,6000.0,250.0,110.0,2832.5,0,0,0,0,0
930.0,26.678476,71.46601,6000.0,250.0,110.0,2827.0,0,0,0,0,0
935.0,26.674617,71.47781,6000.0,250.0,110.0,2821.5,0,0,0,0,0
940.0,26.670758,71.48961,6000.0,250.0,110.0,2816.0,0,0,0,0,0
945.0,26.666899,71.50141,6000.0,250.0,110.0,2810.5,0,0,0,0,0
950.0,26.66304,71.513209,6000.0,250.0,110.0,2805.0,0,0,0,0,0
955.0,26.659181,71.525008,6000.0,250.0,110.0,2799.5,0,0,0,0,0
960.0,26.655322,71.536807,6000.0,250.0,110.0,2794.0,0,0,0,0,0
965.0,26.651463,71.548605,6000.0,250.0,110.0,2788.5,0,0,0,0,0
970.0,26.647604,71.560403,6000.0,250.0,110.0,2783.0,0,0,0,0,0
975.0,26.643745,71.5722,6000.0,250.0,110.0,2777.5,0,0,0,0,0
980.0,26.639885,71.583997,6000.0,250.0,110.0,2772.0,0,0,0,0,0
985.0,26.636026,71.595794,6000.0,250.0,110.0,2766.5,0,0,0,0,0
990.0,26.632167,71.60759,6000.0,250.0,110.0,2761.0,0,0,0,0,0
995.0,26.628308,71.619386,6000.0,250.0,110.0,2755.5,0,0,0,0,0
1000.0,26.624449,71.631181,6000.0,250.0,110.0,2750.0,0,1,0,0,0
1005.0,26.62059,71.642976,6000.0,250.0,110.0,2744.5,0,1,0,0,0
1010.0,26.616731,71.654771,6000.0,250.0,110.0,2739.0,0,1,0,0,0
1015.0,26.612872,71.666565,6000.0,250.0,110.0,2733.5,0,1,0,0,0
1020.0,26.609013,71.678359,6000.0,250.0,110.0,2728.0,0,1,0,0,0
1025.0,26.605154,71.690152,6000.0,250.0,110.0,2722.5,0,1,0,0,0
1030.0,26.601294,71.701945,6000.0,250.0,110.0,2717.0,0,1,0,0,0
1035.0,26.597435,71.713738,6000.0,250.0,110.0,2711.5,0,1,0,0,0
1040.0,26.593576,71.72553,6000.0,250.0,110.0,2706.0,0,1,0,0,0
1045.0,26.589717,71.737322,6000.0,250.0,110.0,2700.5,0,1,0,0,0
1050.0,26.585858,71.749114,6000.0,250.0,110.0,2695.0,0,1,0,0,0
1055.0,26.581999,71.760905,6000.0,250.0,110.0,2689.5,0,1,0,0,0
1060.0,26.57814,71.772695,6000.0,250.0,110.0,2684.0,0,1,0,0,0
1065.0,26.574281,71.784486,6000.0,250.0,110.0,2678.5,0,1,0,0,0
1070.0,26.570421,71.796275,6000.0,250.0,110.0,2673.0,0,1,0,0,0
1075.0,26.566562,71.808065,6000.0,250.0,110.0,2667.5,0,1,0,0,0
1080.0,26.562703,71.819854,6000.0,250.0,110.0,2662.0,0,1,0,0,0
1085.0,26.558844,71.831643,6000.0,250.0,110.0,2656.5,0,1,0,0,0
1090.0,26.554985,71.843431,6000.0,250.0,110.0,2651.0,0,1,0,0,0
1095.0,26.551126,71.855219,6000.0,250.0,110.0,2645.5,0,1,0,0,0
1100.0,26.547267,71.867006,5875.0,250.0,110.0,2640.0,0,1,1,0,0
1105.0,26.543407,71.878793,5750.0,250.0,110.0,2634.5,0,1,1,0,0
1110.0,26.539548,71.89058,5625.0,250.0,110.0,2629.0,0,1,1,0,0
1115.0,26.535689,71.902366,5500.0,250.0,110.0,2623.5,0,1,1,0,0
1120.0,26.53183,71.914152,5375.0,250.0,110.0,2618.0,0,1,1,0,0
1125.0,26.527971,71.925938,5250.0,250.0,110.0,2612.5,0,1,1,0,0
1130.0,26.524112,71.937723,5125.0,250.0,110.0,2607.0,0,1,1,0,0
1135.0,26.520253,71.949508,5000.0,250.0,110.0,2601.5,0,1,1,0,0
1140.0,26.516393,71.961292,4875.0,250.0,110.0,2596.0,0,1,1,0,0
1145.0,26.512534,71.973076,4750.0,250.0,110.0,2590.5,0,1,1,0,0
1150.0,26.508675,71.98486,4625.0,250.0,110.0,2585.0,0,1,1,0,0
1155.0,26.504816,71.996643,4500.0,250.0,110.0,2579.5,0,1,1,0,0
1160.0,26.500957,72.008426,4375.0,250.0,110.0,2574.0,0,1,1,0,0
1165.0,26.497098,72.020208,4250.0,250.0,110.0,2568.5,0,1,1,0,0
1170.0,26.493238,72.03199,4125.0,250.0,110.0,2563.0,0,1,1,0,0
1175.0,26.489379,72.043772,4000.0,250.0,110.0,2557.5,0,1,1,0,0
1180.0,26.48552,72.055553,3875.0,250.0,110.0,2552.0,0,1,1,0,0
1185.0,26.481661,72.067334,3750.0,250.0,110.0,2546.5,0,1,1,0,0
1190.0,26.477802,72.079114,3625.0,250.0,110.0,2541.0,0,1,1,0,0
1195.0,26.473943,72.090894,3500.0,250.0,110.0,2535.5,0,1,1,0,0
1200.0,26.470083,72.102674,3375.0,250.0,110.0,2530.0,0,1,1,0,0
1205.0,26.466224,72.114453,3250.0,250.0,110.0,2524.5,0,1,1,0,0
1210.0,26.462365,72.126232,3125.0,250.0,110.0,2519.0,0,1,1,0,0
1215.0,26.458506,72.13801,3000.0,250.0,110.0,2513.5,0,1,1,0,0
1220.0,26.454647,72.149788,2875.0,250.0,110.0,2508.0,0,1,1,0,0
1225.0,26.450787,72.161566,2750.0,250.0,110.0,2502.5,0,1,1,0,0
1230.0,26.446928,72.173343,2625.0,250.0,110.0,2497.0,0,1,1,0,0
1235.0,26.443069,72.18512,2500.0,250.0,110.0,2491.5,0,1,1,0,0
1240.0,26.43921,72.196896,2375.0,250.0,110.0,2486.0,0,1,1,0,0
1245.0,26.435351,72.208673,2250.0,250.0,110.0,2480.5,0,1,1,0,0
1250.0,26.431491,72.220448,2125.0,250.0,110.0,2475.0,0,1,1,0,0
1255.0,26.427632,72.232224,2000.0,250.0,110.0,2469.5,0,1,1,0,0
1260.0,26.423773,72.243998,1875.0,250.0,110.0,2464.0,0,1,1,0,0
1265.0,26.419914,72.255773,1750.0,250.0,110.0,2458.5,0,1,1,0,0
1270.0,26.416055,72.267547,1625.0,250.0,110.0,2453.0,0,1,1,0,0
1275.0,26.412195,72.279321,1500.0,250.0,110.0,2447.5,0,1,1,0,0
1280.0,26.408336,72.291094,1375.0,250.0,110.0,2442.0,0,1,1,0,0
1285.0,26.404477,72.302867,1250.0,250.0,110.0,2436.5,0,1,1,0,0
1290.0,26.400618,72.31464,1125.0,250.0,110.0,2431.0,0,1,1,0,0
1295.0,26.396759,72.326412,1000.0,250.0,110.0,2425.5,0,1,1,0,0
1300.0,26.392899,72.338184,875.0,250.0,110.0,2420.0,0,1,1,0,0
1305.0,26.38904,72.349955,750.0,250.0,110.0,2414.5,0,1,1,0,0
1310.0,26.385181,72.361726,625.0,250.0,110.0,2409.0,0,1,1,0,0
1315.0,26.381322,72.373497,500.0,250.0,110.0,2403.5,0,1,1,0,0
1320.0,26.377462,72.385267,375.0,250.0,110.0,2398.0,0,1,1,0,0
